storage,product,total_weekly_demand,plant
S35,FCOJ,286.56342038,P02
S35,ORA,791,P02
S35,POJ,1143.23801567,P02
S35,ROJ,553.6379524475,P02
S51,FCOJ,1402.6314669875,P03
S51,ORA,3439.25,P03
S51,POJ,1559.75,P03
S51,ROJ,3728.958391095,P03
S59,FCOJ,497.87986566025,P05
S59,ORA,615,P05
S59,POJ,870.8485183825,P05
S59,ROJ,882.661639585,P05
S73,FCOJ,644.2244487975,P09
S73,ORA,1027.5,P09
S73,POJ,428,P09
S73,ROJ,775.0976927775,P09
