,Sep,Oct,Nov,Dec,Jan,Feb,Mar,Apr,May,Jun,Jul,Aug
FLA,0.677413356498,0.67306361198,0.634296298565,0.698086397217,0.707241127695,0.598074179955,0.645060780814,0.619504301113,0.564884581017,0.711026222228,0.72374090107,0.602456949196
CAL,0.691208702248,0.706398885327,0.765016683826,0.722986098227,1.1,0.646592360059,0.685600909476,0.755599272615,0.683754216845,0.647551227453,0.635172917777,0.638377368994
TEX,0.747606579029,0.740803612302,0.829875823573,0.7750663807,0.767793822375,0.747685329128,0.824674073433,0.711400855185,0.759502607055,0.726802939849,0.71092183472,0.735183452856
ARZ,0.741886686783,0.741186227296,0.778821060621,0.696709121945,0.736756346803,0.687042357127,0.720545001288,0.732228111978,0.702282987929,0.714935813954,0.683166007331,0.671113773123
BRA,2.09398833275,2.02522061229,2.10703036547,2.05383133054,2.0804877615,2.0680904901,2.09631623983,2.057287184,2.08117977142,2.05783574939,2.07661659479,2.09277772069
SPA,0.660533356667,0.617299407721,0.670652377605,0.65839009881,0.695537042618,0.651765888929,0.673820316792,0.654184132814,0.617261385918,0.684273523092,0.608255422115,0.680004793406
